Loan Date,Lender,Block,Street Direction,Street Name,Street Type,City,State,Zip,Ward,Industry,Latitude,Longitude,Location
04/24/2014,Accion,,,,,Chicago,IL,60621,,Other Services,,,
12/12/2014,Accion,101XX,S,Lafayette,Street,Chicago,IL,60628,9,Construction/Repair,41.709285897,-87.624925274,"(41.7092858973584, -87.62492527406924)"
09/06/2013,Accion,101XX,S,S,Lafayette,Chicago,IL,60628,9,Construction/Repair,,,
10/08/2015,WBDC,010XX,E,43rd ,Street,Chicago,IL,60653,4,Retail Sales - Other,41.817000516,-87.599814358,"(41.817000515731735, -87.59981435844077)"
11/20/2014,Accion,010XX,E,76th,Street,Chicago,IL,60619,8,Beauty/Salon Services,41.75705433,-87.598819545,"(41.75705432976649, -87.59881954520198)"
07/29/2013,Accion,010XX,E,76th,Street,Chicago,IL,60619,8,Beauty/Salon Services,41.75705433,-87.598819545,"(41.75705432976649, -87.59881954520198)"
02/18/2015,Accion,010XX,N,California,Avenue,Chicago,IL,60622,26,Restaurant - Full Service,41.900760711,-87.696975027,"(41.90076071102569, -87.6969750268571)"
08/08/2013,WBDC,010XX,S,Western,Avenue,Chicago,IL,60612,25,Retail Sales - Other,41.868456183,-87.686235717,"(41.868456183272436, -87.6862357173699)"
05/15/2015,WBDC,010XX,S,Western,Avenue,Chicago,IL,60612,25,Retail Sales - Other,41.868456183,-87.686235717,"(41.868456183272436, -87.6862357173699)"
11/10/2014,Accion,106XX,S,Halsted,Street,Chicago,IL,60628,34,Day Care,41.69995513,-87.642763331,"(41.69995513017958, -87.64276333101112)"
09/10/2015,CNI,106XX,S,Yates,Avenue,Chicago,IL,60617,41,Other Services,41.701271823,-87.564135629,"(41.70127182319375, -87.56413562869531)"
10/30/2013,CNI,107XX,S,Eberhart,Street,Chicago,IL,60628,9,Transportation,41.698513608,-87.611230373,"(41.69851360795925, -87.61123037310675)"
08/13/2013,CNI,108XX,S,King Drive,Avenue,Chicago,IL,60628,9,Food/Beverage,,,
01/11/2013,CNI,108XX,S,Langley,Avenue,Chicago,IL,60628,9,Transportation,41.696425687,-87.606214973,"(41.69642568689714, -87.60621497304894)"
10/07/2013,CNI,108XX,S,Langley,Street,Chicago,IL,60628,9,Transportation,41.696425687,-87.606214973,"(41.69642568689714, -87.60621497304894)"
11/06/2014,Accion,111XX,S,Longwood,Drive,Chicago,IL,60643,19,Professional/Off Svc,41.690441874,-87.672331394,"(41.69044187443449, -87.67233139407176)"
10/20/2014,Accion,111XX,S,Western,Avenue,Chicago,IL,60643,19,Medical Services,41.690214082,-87.681251795,"(41.69021408154776, -87.68125179470638)"
02/23/2015,CNI,112XX,S,Saint Lawrence,Avenue,Chicago,IL,60628,9,Food/Beverage,41.689529257,-87.608493489,"(41.68952925704794, -87.60849348891128)"
02/28/2013,Accion,113XX,S.,Bell,Avenue,Chicago,IL,60643,19,Professional/Off Svc,41.686896909,-87.676999722,"(41.68689690902393, -87.67699972151529)"
04/07/2015,WBDC,011XX,S,State,Street,Chicago,IL,60605,2,Other Services,41.867936373,-87.627580413,"(41.86793637312042, -87.6275804131728)"
10/07/2013,WBDC,011XX,S,State,Street,Chicago,IL,60605,2,Other Services,41.867936373,-87.627580413,"(41.86793637312042, -87.6275804131728)"
04/26/2013,Accion,011XX,W,111th,Street,Chicago,IL,60643,34,Food/Beverage,41.692353493,-87.651688246,"(41.69235349273843, -87.65168824629325)"
05/06/2013,Accion,011XX,W,Chicago,Avenue,Chicago,IL,60642,27,Food/Beverage,41.896342858,-87.657211671,"(41.896342857527344, -87.6572116706118)"
04/29/2014,Accion,011XX,W,Thorndale,Avenue,Chicago,IL,60660,48,Professional/Off Svc,41.99011704,-87.66017523,"(41.99011703980512, -87.66017522979071)"
09/12/2013,CNI,117XX,S,Elizabeth,Street,Chicago,IL,60628,34,Construction/Repair,41.67980097,-87.653079115,"(41.67980097024272, -87.6530791153102)"
11/19/2013,Accion,012XX,S,Michigan,Avenue,Chicago,IL,60605,3,Food/Beverage,41.866073587,-87.624267673,"(41.86607358683167, -87.62426767322484)"
06/26/2014,Accion,012XX,W,Lake,Street,Chicago,IL,60607,27,Entertainment,41.885583712,-87.658758596,"(41.88558371201573, -87.65875859598854)"
12/20/2012,Accion,013XX,N,Paulina,Street,Chicago,IL,60622,1,Arts/Crafts Production,41.906544266,-87.670164899,"(41.906544265521426, -87.67016489903163)"
03/30/2015,Accion,013XX,W,Wrightwood,Avenue,Chicago,IL,60614,32,Retail Sales ,41.928964527,-87.663049927,"(41.92896452679012, -87.66304992664521)"
03/16/2015,Accion,135XX,S,Brainard,Avenue,Chicago,IL,60633,10,Food/Beverage,41.648211288,-87.545772832,"(41.64821128835381, -87.54577283207223)"
06/10/2013,WBDC,014XX,N,Ashland,Avenue,Chicago,IL,60622,1,Professional/Off Svc,41.908377716,-87.667773189,"(41.908377715963155, -87.66777318917771)"
05/07/2015,WBDC,014XX,N,Ashland,Avenue,Chicago,IL,60622,1,Professional/Off Svc,41.908377716,-87.667773189,"(41.908377715963155, -87.66777318917771)"
02/12/2015,Accion,014XX,N,Milwaukee,Avenue,Chicago,IL,60622,1,Retail sales,41.908161631,-87.67422876,"(41.90816163123876, -87.67422876043297)"
03/18/2013,Accion,014XX,W,63rd,Street,Chicago,IL,60636,16,Beauty/Salon Services,41.779623958,-87.661390419,"(41.77962395791078, -87.66139041859755)"
12/02/2014,Accion,148XX, ,Evans,Avenue,Dolton,IL,60620,,Construction/Repair,,,
11/18/2014,CNI,001XX,E,83rd,Street,Chicago,IL,60619,6,Service,41.743840448,-87.619653944,"(41.74384044753273, -87.6196539436392)"
01/18/2016,Accion,001XX,N,Clark,St,Chicago,IL,60601,42,Other Services,41.884535737,-87.631084951,"(41.884535737475375, -87.6310849514846)"
04/16/2015,Accion,001XX,S,Hamlin,Boulevard,Chicago,IL,60624,28,Other Services,41.878284228,-87.720804134,"(41.87828422790768, -87.72080413434796)"
10/09/2015,CNI,015XX,E,53rd ,Street,Chicago,IL,60615,5,Retail Sales - Other,41.799674501,-87.587171084,"(41.79967450080776, -87.58717108366014)"
12/10/2012,Accion,015XX,N,Damen,Avenue,Chicago,IL,60622,1,Other Services,41.909679359,-87.677590211,"(41.909679359144214, -87.67759021127266)"
01/28/2016,Accion,015XX,S,Western,Avenue,Chicago,IL,60603,28,Arts/Crafts Production,41.859679009,-87.685989222,"(41.85967900853175, -87.68598922187576)"
12/11/2013,CNI,015XX,S,Western,Avenue,Chicago,IL,60608,28,IT/Manufacturing,41.859679009,-87.685989222,"(41.85967900853175, -87.68598922187576)"
05/29/2013,Accion,015XX,W,Victoria,Street,Chicago,IL,60660,48,Wholesale,41.987249381,-87.669538843,"(41.9872493810595, -87.66953884329361)"
04/15/2013,CNI,016XX,E,87th,Street,Chicago,IL,60619,8,Professional/Off Svc,41.737058488,-87.583180907,"(41.73705848796674, -87.58318090725591)"
03/19/2015,Accion,016XX,N,Tripp,Avenue,Chicago,IL,60639,26,Transportation,41.911306184,-87.732633806,"(41.91130618353327, -87.73263380556598)"
10/06/2015,Accion,016XX,W,18th,Street,Chicago,IL,60608,25,Food/Beverage,41.857871405,-87.668270534,"(41.8578714053189, -87.66827053413847)"
02/27/2013,Accion,016XX,W,18th,Street,Chicago,IL,60608,25,Food/Beverage,41.857871405,-87.668270534,"(41.8578714053189, -87.66827053413847)"
11/14/2013,Accion,016XX,W,21st ,Street,Chicago,IL,60608,25,Retail Stores,41.854222612,-87.668174117,"(41.85422261203252, -87.66817411714905)"
06/30/2014,Accion,016XX,W,21st ,Street,Chicago,IL,60608,25,Retail Stores,41.854222612,-87.668174117,"(41.85422261203252, -87.66817411714905)"
07/17/2015,Accion,016XX,W,21st ,Street,Chicago,IL,60608,25,"Fashion, jewelry, art and sewing/ jewelry classes",41.854222612,-87.668174117,"(41.85422261203252, -87.66817411714905)"
01/10/2012,Accion,016XX,W,21st ,Street,Chicago,IL,60608,25,Retail Stores,41.854222612,-87.668174117,"(41.85422261203252, -87.66817411714905)"
12/04/2012,CNI,016XX,W,87th,Street,Chicago,IL,60620,21,Retail Sales - Other,41.735873186,-87.665125327,"(41.735873186113324, -87.66512532703082)"
11/10/2012,Accion,017XX,E,71st,Street,Chicago,IL,60649,7,Professional/Off Svc,41.766297058,-87.581683507,"(41.76629705836155, -87.58168350745805)"
07/15/2015,CNI,017XX,E,92nd,Street,Chicago,IL,60617,7,Other Services,41.727980124,-87.580634236,"(41.72798012441059, -87.58063423571748)"
11/10/2012,Accion,017XX,N,Damen,Avenue,Chicago,IL,60647,32,Clothing/Material Production,41.913788046,-87.677684427,"(41.91378804618231, -87.67768442670713)"
08/30/2013,Accion,017XX,N,Mason,Street,Chicago,IL,60639,29,Food/Beverage,41.912597808,-87.774226348,"(41.91259780828195, -87.77422634848645)"
04/30/2013,Accion,017XX,N,Western,Avenue,Chicago,IL,60645,1,Day Care,41.913605732,-87.687454197,"(41.91360573157923, -87.68745419657513)"
12/11/2015,CNI,017XX,W,104th,Place,Chicago,IL,60643,19,Manufacturing,41.70401463,-87.66669565,"(41.70401462980263, -87.66669565005344)"
03/29/2013,Accion,017XX,W,79th,Street,Chicago,IL,60620,17,Food/Beverage,41.750406805,-87.667897611,"(41.75040680531504, -87.66789761050066)"
06/14/2013,Accion,017XX,W,Chicago,Avenue,Chicago,IL,60622,1,Other Services,41.896110115,-87.671694946,"(41.896110114694075, -87.67169494622644)"
10/06/2015,Accion,017XX,W,Chicago,Avenue,Chicago,IL,60622,1,Entertainment,41.896110115,-87.671694946,"(41.896110114694075, -87.67169494622644)"
11/06/2013,WBDC,017XX,W,Lawrence,Avenue,Chicago,IL,60660,47,,41.968945848,-87.67299374,"(41.96894584801377, -87.67299373967185)"
04/07/2015,WBDC,017XX,W,Lawrence,Avenue,Chicago,IL,60660,47,,41.968945848,-87.67299374,"(41.96894584801377, -87.67299373967185)"
06/30/2014,Accion,017XX,W,North,Avenue,Chicago,IL,60622,32,Retail Stores,41.910676883,-87.672126285,"(41.91067688299753, -87.67212628468288)"
07/29/2014,Accion,018XX,E,87th,Street,Chicago,IL,60619,8,Beauty/Salon Services,41.737125223,-87.578601773,"(41.73712522273615, -87.57860177285214)"
12/04/2014,Accion,018XX,N,Monitor,Street,Chicago,IL,60639,29,Construction/Repair,41.914456401,-87.7717878,"(41.914456401009424, -87.77178779952047)"
11/10/2012,Accion,018XX,S,Clark,Street,Chicago,IL,60616,43,Clothing/Material Production,41.85663565,-87.630345428,"(41.85663565046262, -87.63034542814528)"
11/20/2012,Accion,018XX,W,63rd,Street,Chicago,IL,60636,15,Beauty/Salon Services,41.779466199,-87.671101769,"(41.779466199263936, -87.6711017685739)"
12/05/2014,Accion,019XX,N,Austin,Avenue,Chicago,IL,60639,29,Food/Beverage,41.91622789,-87.775605613,"(41.91622788969988, -87.77560561329851)"
02/23/2015,Accion,019XX,W,103rd,Street,Chicago,IL,60643,19,Other Services,41.706669083,-87.671082793,"(41.70666908325991, -87.6710827929612)"
10/23/2015,CNI,019XX,W,87th,Street,Chicago,IL,60620,20,Professional/Off Svc,41.735766874,-87.672396457,"(41.73576687369632, -87.67239645656947)"
09/18/2013,WBDC,019XX,W,87th,Street,Chicago,IL,60620,18,Professional/Off Svc,41.735766874,-87.672396457,"(41.73576687369632, -87.67239645656947)"
04/26/2013,Accion,020XX,N,Seminary,Avenue,Chicago,IL,60614,43,Wholesale,41.91956724,-87.655989859,"(41.91956724033429, -87.65598985921318)"
10/07/2013,WBDC,020XX,W,Belmont,Avenue,Chicago,IL,60618,32,Retail Sales - Other,41.939657595,-87.680360379,"(41.9396575946445, -87.68036037889661)"
04/19/2013,WBDC,020XX,W,Greenleaf,Street,Chicago,IL,60645,49,,42.010263349,-87.682413424,"(42.01026334867173, -87.68241342364222)"
09/29/2015,Accion,021XX,N,Milwaukee,Avenue,Chicago,IL,60647,1,Retail Stores,41.920230129,-87.693217337,"(41.92023012925667, -87.69321733699671)"
04/24/2015,CNI,021XX,S,Canalport,Street,Chicago,IL,60608,25,Other Services - Cosmetology,41.853301464,-87.649929695,"(41.8533014640748, -87.649929695282)"
01/07/2015,CNI,021XX,S,Canalport,Street,Chicago,IL,60608,6,Construction,41.853301464,-87.649929695,"(41.8533014640748, -87.649929695282)"
05/25/2013,CNI,021XX,W,Division,Street,Chicago,IL,60647,32,Retail Sales - Other,41.903222949,-87.681718412,"(41.903222948948944, -87.68171841193023)"
03/29/2013,Accion,022XX,N,Menard,Street,Chicago,IL,60639,36,Food/Beverage,41.921776007,-87.770924082,"(41.921776006693314, -87.77092408208605)"
04/25/2014,CNI,022XX,S,Michigan,Avenue,Chicago,IL,60616,2,Professional/Off Svc,41.851416506,-87.623912577,"(41.85141650556155, -87.62391257713634)"
12/11/2015,WBDC,022XX,S,Throop,Street,Chicago,IL,60608,25,Retail Sales - Other,41.85096156,-87.658810143,"(41.8509615600569, -87.65881014299168)"
04/17/2013,Accion,022XX,S,Troop,Street,Chicago,IL,60608,25,Other Services,41.85096156,-87.658810143,"(41.8509615600569, -87.65881014299168)"
07/16/2013,Accion,023XX,N,Milwaukee,Avenue,Chicago,IL,60647,1,Food/Beverage,41.92383417,-87.699100155,"(41.92383417009724, -87.69910015533893)"
07/18/2014,Accion,024XX,N,Western,Avenue,Chicago,IL,60647,1,Retail Stores,41.926433443,-87.687846644,"(41.92643344346806, -87.68784664427186)"
05/13/2013,Accion,002XX,N,Pulaski,Avenue,Chicago,IL,60624,28,Food/Beverage,41.884873046,-87.725935624,"(41.88487304630816, -87.72593562397961)"
04/05/2013,Accion,002XX,S,Wacker,Drive,Chicago,IL,60606,42,Other Services,41.878138181,-87.637064995,"(41.87813818115573, -87.63706499520218)"
11/10/2012,Accion,002XX,W,Eugenie,Street,Chicago,IL,60614,2,Food/Beverage,41.912962356,-87.636673056,"(41.91296235590175, -87.63667305628802)"
04/29/2013,Accion,002XX,W,St. Paul,Street,Chicago,IL,60614,43,Professional/Off Svc,41.913707771,-87.636695887,"(41.913707770641054, -87.63669588681894)"
03/17/2015,Accion,025XX,W,16th,Street,Chicago,IL,60608,28,Entertainment,41.859403662,-87.690337461,"(41.859403662250706, -87.69033746056911)"
11/13/2014,Accion,025XX,W,Lawrence,Avenue,Chicago,IL,60625,40,Food/Beverage,41.968685531,-87.693369954,"(41.968685530685526, -87.69336995375313)"
03/21/2013,Accion,026XX,W,Toughy,Avenue,Chicago,IL,60645,50,Medical Services,42.012241707,-87.697008884,"(42.01224170721509, -87.69700888423647)"
05/01/2015,WBDC,027XX,W,Potomac,Avenue,Chicago,IL,60622,26,Retail Sales - Other,41.904865295,-87.696497802,"(41.90486529450432, -87.69649780184278)"
08/16/2013,CNI,028XX,E,79th,Street,Chicago,IL,60649,7,Other Services,41.751993753,-87.554961229,"(41.75199375346897, -87.554961229127)"
07/15/2015,CNI,028XX,E,79th,Street,Chicago,IL,60649,27,Other Services,41.751993753,-87.554961229,"(41.75199375346897, -87.554961229127)"
02/02/2015,Accion,029XX,N,Lincoln,Avenue,Chicago,IL,60657,32,Retail Stores,41.935398499,-87.662897921,"(41.93539849864407, -87.66289792126777)"
10/31/2013,Accion,029XX,W,Pershing,Rd.,Chicago,IL,60632,12,Food/Beverage,41.822807198,-87.69911434,"(41.82280719802566, -87.69911433962355)"
02/16/2016,Accion,029XX,W,Pershing,Rd.,Chicago,IL,60632,12,Food/Beverage,41.822807198,-87.69911434,"(41.82280719802566, -87.69911433962355)"
04/24/2013,Accion,030XX,N,Central,Park,Chicago,IL,60618,35,Other Services,41.936721765,-87.717464528,"(41.936721764621424, -87.71746452842577)"
08/30/2013,Accion,030XX,N,Lincoln,Avenue,Chicago,IL,60641,47,Retail Sales - Other,41.937149264,-87.665352278,"(41.93714926386188, -87.6653522782535)"
12/10/2012,Accion,030XX,N,Lincoln,Avenue,Chicago,IL,60657,32,Retail Stores,41.937149264,-87.665352278,"(41.93714926386188, -87.6653522782535)"
02/02/2016,Accion,031XX,N,Broadway,Avenue,Chicago,IL,60657,44,Food/Beverage,41.939120097,-87.644515275,"(41.93912009672058, -87.64451527453552)"
04/14/2014,Accion,032XX,W,71st St.,Place,Chicago,IL,60629,17,Day Care,,,
10/20/2012,Accion,032XX,W,Douglas,Boulevard,Chicago,IL,60623,24,Professional/Off Svc,41.863049108,-87.707581493,"(41.86304910767722, -87.70758149315465)"
05/31/2013,Accion,032XX,W.,84th,Street,Chicago,IL,60652,18,Other Services,41.740745482,-87.704159892,"(41.74074548155806, -87.70415989203823)"
08/25/2013,Accion,033XX,N,Oleander,St.,Chicago,IL,60634,29,Construction/Repair,41.94107163,-87.815556357,"(41.94107163033972, -87.81555635660924)"
08/21/2013,Accion,033XX,N,Paulina,Street,Chicago,IL,60626,47,Professional/Off Svc,41.942987046,-87.671331836,"(41.94298704612548, -87.67133183587026)"
03/20/2013,Accion,033XX,W,59th ,Street,Chicago,IL,60629,23,Beauty/Salon Services,41.786287906,-87.707836726,"(41.786287905719405, -87.70783672630208)"
02/25/2015,Accion,033XX,W,BRYN MAWR,Avenue,CHICAGO,IL,60659,39,Restaurant - Full Service,41.98312144,-87.713368491,"(41.98312144049005, -87.71336849119527)"
06/26/2013,WBDC,033XX,W,Foster,Avenue,Chicago,IL,60625,39,Retail Sales - Other,41.975806213,-87.713183389,"(41.975806213497044, -87.71318338948898)"
02/23/2015,Accion,034XX,N,Pulaski,Avenue,Chicago,IL,60641,30,Restaurant - Full Service,41.944183101,-87.727478918,"(41.9441831009194, -87.72747891756883)"
07/03/2013,CNI,034XX,W,76th,Place,Chicago,IL,60652,18,Construction/Repair,41.754695049,-87.709448594,"(41.75469504917642, -87.7094485942623)"
12/16/2013,Accion,034XX,W,Armitage,Avenue,Chicago,IL,60647,26,Retail Sales - Other,41.917434655,-87.713445161,"(41.917434654755205, -87.71344516107746)"
07/24/2014,Accion,034XX,W,Armitage,Avenue,Chicago,IL,60647,26,Retail Sales - Other,41.917434655,-87.713445161,"(41.917434654755205, -87.71344516107746)"
05/01/2014,CNI,003XX,E,115th,Street,Chicago,IL,60628,9,Construction/Repair,41.685533059,-87.6135524,"(41.685533058710725, -87.6135524000206)"
02/06/2015,Accion,003XX,E,71st,Street,Chicago,IL,60619,6,Clothing Design/Mfg,41.765795405,-87.616487173,"(41.76579540461219, -87.61648717327338)"
03/15/2013,CNI,003XX,E,79th,Street,Chicago,IL,60619,6,Retail Sales - Other,41.75120691,-87.616146156,"(41.751206909502876, -87.61614615625861)"
09/15/2014,CNI,003XX,E,Ohio,Street,Chicago,IL,60611,42,Real Estate Consultant,41.892741648,-87.618288156,"(41.89274164784599, -87.6182881563146)"
10/31/2013,WBDC,003XX,S,Michigan,Avenue,Chicago,IL,60604,2,Transportation,41.877066783,-87.62443921,"(41.87706678314336, -87.62443921026329)"
06/25/2013,WBDC,003XX,W,18th,Street,Chicago,IL,60616,25,Retail Sales - Other,41.857814473,-87.636746844,"(41.857814473347254, -87.63674684444798)"
07/15/2013,WBDC,003XX,W,18th,Street,Chicago,IL,60616,25,Construction/Repair,41.857814473,-87.636746844,"(41.857814473347254, -87.63674684444798)"
08/07/2015,WBDC,003XX,W,18th,Street,Chicago,IL,60616,25,Construction/Repair,41.857814473,-87.636746844,"(41.857814473347254, -87.63674684444798)"
02/13/2015,Accion,035XX,W,63rd,Street,Chicago,IL,60629,23,Restaurant - Full Service,41.77893795,-87.712384286,"(41.778937949592226, -87.7123842859852)"
11/15/2013,Accion,036XX,N,Halsted,Street,Chicago,IL,60613,46,Beauty/Salon Services,41.948799126,-87.649678275,"(41.948799125611906, -87.64967827509176)"
03/19/2013,Accion,036XX,N,Narragansett,Avenue,Chicago,IL,60634,36,Other Services,41.947201266,-87.786459059,"(41.94720126576405, -87.78645905944289)"
11/10/2012,Accion,036XX,S,Canal,Street,Chicago,IL,60609,11,Clothing/Material Production,41.827515865,-87.637920743,"(41.827515865497226, -87.63792074347494)"
12/23/2015,WBDC,036XX,S,Halsted,Street,Chicago,IL,60609,11,Day Care,41.827682151,-87.646181967,"(41.82768215078157, -87.64618196741296)"
08/26/2014,Accion,037XX,N,Saint Louis,Avenue,Chicago,IL,60618,35,Retail Stores,41.949861008,-87.715400981,"(41.94986100830231, -87.71540098141125)"
11/19/2014,Accion,037XX,W,Cermak,Rd.,CHICAGO,IL,60623,22,Retail Stores,41.851722608,-87.719448564,"(41.85172260792974, -87.71944856377641)"
11/25/2015,Accion,038XX,N,Broadway,Street,Chicago,IL,60613,46,Beauty/Salon Services,41.952667333,-87.649798106,"(41.95266733269854, -87.64979810561019)"
,WBDC,038XX,N,Cicero,Avenue,Chicago,IL,60641,38,Retail Sales - Other,41.951291257,-87.74740523,"(41.95129125678023, -87.74740522995823)"
08/15/2014,Accion,038XX,N,Lincoln,Avenue,Chicago,IL,60613,47,Education,41.951797588,-87.677279839,"(41.951797587533974, -87.67727983909802)"
04/10/2012,Accion,038XX,N,Lincoln,Avenue,Chicago,IL,60613,47,Day Care,41.951797588,-87.677279839,"(41.951797587533974, -87.67727983909802)"
06/30/2014,Accion,038XX,W,Chicago,Avenue,Chicago,IL,60651,37,Professional/Off Svc,41.895502619,-87.723239039,"(41.89550261898345, -87.72323903868359)"
05/23/2013,Accion,038XX,W,Chicago,Avenue,Chicago,IL,60651,37,Professional/Off Svc,41.895502619,-87.723239039,"(41.89550261898345, -87.72323903868359)"
12/16/2015,Accion,038XX,W,Montrose,Avenue,Chicago,IL,60618,35,Food/Beverage,41.961091681,-87.72500737,"(41.96109168061752, -87.72500736958689)"
03/11/2013,Accion,039XX,N,Seeley,Avenue,Chicago,IL,60618,47,Arts/Crafts Production,41.953819581,-87.680104184,"(41.95381958139907, -87.6801041836942)"
05/30/2013,CNI,039XX,W,87th,Street,Chicago,IL,60652,18,Transportation,41.734977335,-87.720972482,"(41.73497733454709, -87.72097248185597)"
03/12/2015,Accion,039XX,W,Armitage,Avenue,Chicago ,IL,60647,26,Auto/Vehicle,41.917280964,-87.726185515,"(41.91728096383126, -87.72618551488333)"
10/18/2013,CNI,039XX,W,Lawrence,Avenue,Chicago,IL,60625,39,Professional/Off Svc,41.968356466,-87.727656367,"(41.96835646617037, -87.72765636726649)"
05/08/2014,CNI,039XX,W,Lawrence,Avenue,Chicago,IL,60625,39,Construction/Repair,41.968356466,-87.727656367,"(41.96835646617037, -87.72765636726649)"
04/24/2013,Accion,040XX,N,Drake,Avenue,Chicago,IL,60618,35,Other Services,41.955304751,-87.716779636,"(41.955304751455095, -87.71677963551495)"
07/08/2014,Accion,040XX,N,Drake,Avenue,Chicago,IL,60618,35,Other Services,41.955304751,-87.716779636,"(41.955304751455095, -87.71677963551495)"
09/30/2014,Accion,040XX,S,Indiana,Street,Chicago,IL,60653,3,Day Care,41.820488979,-87.621662243,"(41.820488978539466, -87.62166224260152)"
05/18/2013,Accion,040XX,S,Kedzie,Avenue,Chicago,IL,60632,12,Food/Beverage,41.819318843,-87.704557578,"(41.8193188432732, -87.70455757770209)"
02/10/2016,CNI,040XX,S,Lake , Park ,Chicago,IL,60653,5,Manufacturing,41.821064248,-87.601609066,"(41.821064248495006, -87.60160906609795)"
11/30/2013,Accion,041XX,S,Ashland,Avenue,Chicago,IL,60609,12,Other Services,41.818054515,-87.665341967,"(41.81805451475395, -87.66534196737447)"
03/23/2015,Accion,041XX,S,Maplewood,Avenue,Chicago,IL,60632,12,Manufacturing,41.817755662,-87.68852451,"(41.81775566229915, -87.68852451006609)"
08/30/2013,Accion,041XX,W,81st,Street,Chicago,IL,60652,18,Professional/Off Svc,41.745819843,-87.726010365,"(41.74581984340114, -87.72601036482762)"
06/16/2015,Accion,042XX,N,Cicero,Avenue,Chicago,IL,60641,45,Professional/Off Svc,41.958555449,-87.747611909,"(41.9585554491951, -87.74761190880362)"
11/10/2012,Accion,043XX,N,Campbell,Street,Chicago,IL,60618,47,Wholesale,41.961010339,-87.691944203,"(41.961010339066895, -87.6919442026702)"
12/11/2015,Accion,043XX,N,Lincoln,Avenue,Chicago,IL,60618,47,Medical Services,41.9611988,-87.683869818,"(41.9611988000442, -87.68386981831685)"
05/31/2013,Accion,043XX,N,Lincoln,Avenue,Chicago,IL,60618,47,Medical Services,41.9611988,-87.683869818,"(41.9611988000442, -87.68386981831685)"
10/04/2013,CNI,043XX,S,Vincennes,Avenue,Chicago,IL,60653,3,Food/Beverage,41.815184026,-87.614192226,"(41.81518402589755, -87.61419222560878)"
09/19/2013,WBDC,043XX,W,Fullerton,Avenue,Chicago,IL,60639,31,Professional/Off Svc,41.924479361,-87.736194413,"(41.92447936060114, -87.73619441273912)"
06/18/2014,WBDC,043XX,W,Fullerton,Avenue,Chicago,IL,60639,31,Professional/Off Svc,41.924479361,-87.736194413,"(41.92447936060114, -87.73619441273912)"
11/08/2013,WBDC,044XX,N,Ravenswood,Avenue,Chicago,IL,60640,47,Medical Services,41.963019851,-87.674712135,"(41.963019850664956, -87.67471213530199)"
08/30/2013,Accion,004XX,E,Randolph,Street,Chicago,IL,60601,42,Auto/Vehicle,41.884483688,-87.615456174,"(41.88448368813673, -87.61545617423779)"
04/04/2014,CNI,045XX,S,Greenwood,Avenue,Chicago,IL,60653,4,Other Services,41.811751058,-87.599457832,"(41.81175105830976, -87.59945783218119)"
11/27/2013,Accion,045XX,S,Leamington,Street,Chicago,IL,60638,22,Professional/Off Svc,41.809651235,-87.751917263,"(41.80965123480127, -87.75191726256269)"
05/25/2013,CNI,045XX,S,St Lawrence,Street,Chicago,IL,60653,3,Construction/Repair,41.811593819,-87.611651694,"(41.81159381946024, -87.61165169371479)"
08/28/2013,Accion,045XX,W,Irving Pk.,Rd.,Chicago,IL,60657,45,Retail Sales - Other,41.953583501,-87.742578071,"(41.95358350064632, -87.74257807113862)"
07/25/2014,Accion,046XX,S,Kolin,Avenue,Chicago,IL,60632,14,Retail Sales - Other,41.808075695,-87.732539098,"(41.80807569506072, -87.73253909758998)"
03/23/2015,Accion,047XX,N,Sawyer,Avenue,Chicago,IL,60625,33,Other Services,41.968126183,-87.709826697,"(41.9681261833808, -87.70982669683345)"
12/17/2012,Accion,048XX,N,Broadway,Street,Chicago,IL,60640,46,Food/Beverage,41.970449245,-87.65985608,"(41.97044924492594, -87.65985607953064)"
11/24/2014,Accion,048XX,S,Evans,Street,Chicago,IL,60615,4,Medical Services,41.806193422,-87.607859643,"(41.80619342227997, -87.60785964273944)"
05/30/2013,CNI,048XX,S,Forestville,Avenue,Chicago,IL,60615,4,Education,41.806118546,-87.612741496,"(41.806118546245706, -87.61274149629953)"
10/20/2012,Accion,048XX,S,Michigan,Avenue,Chicago,IL,60615,3,Professional/Off Svc,41.805960625,-87.622895681,"(41.80596062518711, -87.62289568111275)"
11/09/2015,WBDC,049XX,N,Francisco,Avenue,Chicago,IL,60625,40,Enviromental Consulting,41.972082832,-87.701396229,"(41.97208283201744, -87.70139622919875)"
03/24/2015,Accion,000XX,,,,Chicago,IL,60680,,Other Services,,,
03/05/2015,Accion,000XX,,,,Chicago,IL,60636,,Other Construction/Repair,,,
08/14/2014,Accion,000XX,E,102nd,Place,Chicago,IL,60628,9,Professional/Off Svc,41.708212377,-87.621623588,"(41.7082123769253, -87.62162358798388)"
10/07/2013,WBDC,000XX,E,14th,Street,Chicago,IL,60605,2,Professional/Off Svc,41.864181307,-87.625403212,"(41.86418130661212, -87.6254032122044)"
04/01/2013,Accion,000XX,E,Jackson,Boulevard,Chicago ,IL,60604,42,Other Services,41.878362592,-87.625789895,"(41.87836259235806, -87.62578989491375)"
05/02/2013,CNI,000XX,E,Washington,Street,Chicago,IL,60602,42,Professional/Off Svc,41.883330907,-87.62603979,"(41.88333090689532, -87.62603978976665)"
12/12/2014,Accion,000XX,N,LaSalle,Street,Chicago,IL,60602,42,Professional/Off Svc,41.883173368,-87.632552736,"(41.88317336800185, -87.63255273624772)"
03/03/2014,CNI,000XX,N,Wacker,Drive,Chicago,IL,60606,42,Professional/Off Svc,41.883134296,-87.637191526,"(41.883134295897996, -87.63719152602066)"
12/23/2015,CNI,000XX,N,Wacker,Drive,Chicago,IL,60606,42,Professional/Off Svc,41.883134296,-87.637191526,"(41.883134295897996, -87.63719152602066)"
05/30/2013,CNI,000XX,W,Polk,Street,Chicago,IL,60605,2,Transportation,41.872386434,-87.629583433,"(41.87238643412102, -87.6295834329867)"
11/03/2015,WBDC,000XX,W,Schiller,Street,Chicago,IL,60610,2,Entertainment/Manufacturing,41.90796282,-87.630584687,"(41.90796281994563, -87.63058468736337)"
09/16/2014,CNI,050XX,S,State,Street,Chicago,IL,60609,3,Catering,41.802247471,-87.626043589,"(41.80224747133299, -87.62604358873826)"
01/10/2013,CNI,052XX,S ,Harper,Street,Chicago,IL,60615,4,Retail Sales - Other,41.799563261,-87.589239073,"(41.79956326078698, -87.58923907267537)"
02/28/2013,CNI,052XX,S,May,Street,Chicago,IL,60643,16,Construction/Repair,41.798138001,-87.653908838,"(41.79813800113937, -87.65390883782467)"
01/15/2015,CNI,053XX,S,Greenwood,Avenue,Chicago,IL,60615,5,Service,41.798022972,-87.599856389,"(41.79802297199271, -87.59985638941095)"
10/22/2014,Accion,053XX,S,Hyde Park,BLVD,Chicago,IL,60615,5,Retail Stores,41.79821668,-87.58416835,"(41.798216680103366, -87.58416834977304)"
10/02/2013,WBDC,053XX,S,Hyde Park,Boulevard,Chicago,IL ,60653,5,Professional/Off Svc,41.79821668,-87.58416835,"(41.798216680103366, -87.58416834977304)"
07/23/2013,WBDC,054XX,W,Devon,Avenue,Chicago,IL,60646,39,Day Care,41.997458858,-87.765754186,"(41.99745885824015, -87.76575418581317)"
10/17/2014,Accion,054XX,W,Ferdinand,Street,Chicago,IL,60651,37,Auto/Vehicle,41.888993811,-87.762246174,"(41.88899381080205, -87.76224617439887)"
05/26/2015,WBDC,005XX,E,43rd,Street,Chicago,IL,60653,4,,41.816831307,-87.612018219,"(41.81683130678038, -87.6120182191566)"
05/30/2013,CNI,005XX,E,61st,Street,Chicago,IL,60637,20,Other Services,41.784071842,-87.611277409,"(41.78407184195581, -87.61127740916741)"
01/29/2016,Accion,005XX,N,Michigan,Avenue,Chicago,IL,60611,42,Retail Sales - Other,41.892511145,-87.624330958,"(41.892511144939995, -87.62433095779593)"
02/20/2013,Accion,005XX,N,Michigan,Avenue,Chicago,IL,60611,42,Food/Beverage,41.892511145,-87.624330958,"(41.892511144939995, -87.62433095779593)"
11/25/2013,Accion,055XX,S,State,Street,Chicago,IL,60621,3,Beauty/Salon Services,41.79291528,-87.625802131,"(41.79291527962311, -87.62580213055435)"
05/20/2014,Accion,055XX,W,Belmont,Avenue,Chicago,IL,60641,31,Professional/Off Svc,41.938688594,-87.766123438,"(41.93868859359603, -87.76612343785888)"
08/04/2015,CNI,056XX,,Mannheim,Road,Chicago,IL,60666,16,Other Services - Barbershop,41.981355689,-87.879182873,"(41.981355689208115, -87.8791828728431)"
02/16/2016,Accion,057XX,N,Winthrop,Avenue,Chicago,IL,60660,48,Arts/Crafts Production,41.986987321,-87.6582672,"(41.98698732052183, -87.65826720031846)"
07/28/2014,Accion,059XX,S,Michigan,Avenue,Chicago,IL,60637,20,Construction/Repair,41.785900266,-87.622383571,"(41.78590026550305, -87.62238357058168)"
06/03/2015,Accion,059XX,S,Michigan,Avenue,Chicago,IL,60637,20,Construction/Repair,41.785900266,-87.622383571,"(41.78590026550305, -87.62238357058168)"
01/10/2012,Accion,059XX,W,Patterson,Avenue,Chicago,IL,60634,39,Medical Services,41.946795663,-87.776116779,"(41.94679566343606, -87.77611677888262)"
09/03/2014,Accion,059XX,W,Patterson,Avenue,Chicago,IL,60634,36,Medical Services,41.946795663,-87.776116779,"(41.94679566343606, -87.77611677888262)"
03/04/2015,Accion,060XX,W,Irving Pk.,Road,Chicago,IL,60634,38,Retail Stores,41.953128103,-87.778825478,"(41.95312810286122, -87.7788254781443)"
05/09/2013,Accion,063XX,S.,Kolin,Avenue,Chicago,IL,60629,13,Construction/Repair,41.777016532,-87.731410259,"(41.77701653212543, -87.73141025869704)"
07/02/2014,Accion,063XX,W,Cuyler,Avenue,Chicago,IL,60634,38,Food/Beverage,41.953948536,-87.786167289,"(41.9539485359146, -87.78616728857502)"
05/22/2014,Accion,064XX,S,Pulaski,Avenue,Chicago,IL,60629,13,Food/Beverage,41.775286556,-87.722819282,"(41.77528655570301, -87.72281928238218)"
08/28/2013,WBDC,064XX,S,Washtenaw,Avenue,Chicago,IL,60629,15,Transportation,41.77572258,-87.691015878,"(41.77572257951559, -87.69101587776966)"
06/13/2014,Accion,006XX,E,71st ,Street,Chicago,IL,60637,6,Construction/Repair,41.765935086,-87.608486389,"(41.765935086251496, -87.60848638882781)"
12/20/2012,Accion,006XX,E,75th,Street,Chicago,IL,60619,6,Food/Beverage,41.758642167,-87.608238768,"(41.75864216743345, -87.60823876800852)"
05/20/2013,Accion,006XX,N,Milwaukee,Avenue,Chicago,IL,60642,27,Clothing/Material Production,41.893222744,-87.650960012,"(41.89322274412849, -87.65096001210877)"
04/24/2013,Accion,006XX,S,Wabash,Avenue,Chicago,IL,60605,4,Retail Sales - Other,41.873347292,-87.626117642,"(41.873347292262835, -87.6261176416595)"
10/07/2013,WBDC,006XX,W,Cermak,Avenue,Chicago,IL,60608,25,Other Services,41.852790641,-87.64364221,"(41.8527906409648, -87.64364221017235)"
12/09/2013,Accion,006XX,W,Cermak,Rd.,Chicago,IL,60616,25,Wholesale,41.852790641,-87.64364221,"(41.8527906409648, -87.64364221017235)"
09/22/2015,CNI,067XX,S,South Chicago,Avenue,Chicago,IL,60637,7,Other Services,41.771818686,-87.614077935,"(41.771818686037356, -87.61407793483764)"
01/30/2014,Accion,068XX,S.,Pulaski,Avenue,Chicago,IL,60629,13,Retail Sales - Other,41.768013884,-87.722638914,"(41.7680138835568, -87.72263891437117)"
12/04/2012,CNI,069XX,S,Cornell,Avenue,Chicago,IL,60649,5,Food/Beverage,41.76821085,-87.584545179,"(41.76821084982079, -87.58454517904856)"
07/30/2014,Accion,069XX,W,Grand,Avenue,Chicago,IL,60707,36,Auto/Vehicle,41.923672582,-87.799705607,"(41.923672581800815, -87.79970560682945)"
04/09/2014,Accion,073XX,S,Artesian,Avenue,Chicago,IL,60629,18,Retail Sales - Other,41.759524141,-87.684473522,"(41.759524140995694, -87.6844735218134)"
01/13/2016,WBDC,074XX,S,Merrill,Street,Chicago,IL,60649,5,Construction/Repair,41.759232588,-87.572592157,"(41.759232587809855, -87.57259215676737)"
11/25/2014,Accion,074XX,W,Irving Pk.,Rd.,Chicago,IL,60634,38,Other Services,41.952711949,-87.814246268,"(41.952711949344845, -87.81424626793215)"
12/10/2012,Accion,007XX,E,75th,Street,Chicago,IL,60619,6,Medical Services,41.758680511,-87.605796969,"(41.75868051133181, -87.6057969688689)"
06/28/2013,Accion,007XX,N,Austin,Avenue,Chicago,IL,60644,29,Medical Services,41.894322521,-87.775263449,"(41.89432252118052, -87.7752634491091)"
12/16/2013,Accion,007XX,N,Franklin,Street,Chicago,IL,60654,42,Retail Stores,41.896317588,-87.635840254,"(41.89631758778245, -87.63584025366825)"
06/12/2013,WBDC,007XX,N,Sacramento,Street,Chicago,IL,60612,27,Other Services,41.895305694,-87.702341905,"(41.895305693631336, -87.70234190452632)"
01/30/2015,WBDC,007XX,W,Washington,Street,Chicago,IL,60661,42,Professional/Off Svc,41.883256433,-87.647365592,"(41.88325643339401, -87.64736559214563)"
07/10/2013,Accion,075XX,S,Clyde,Avenue,Chicago,IL,60649,8,Professional/Off Svc,41.757403429,-87.573811245,"(41.757403428767546, -87.57381124532786)"
03/09/2015,CNI,077XX,S,Albany,Avenue,Chicago,IL,60652,18,Other Services -Childcare,41.752003688,-87.700161747,"(41.75200368812746, -87.70016174705742)"
04/01/2015,CNI,077XX,S,Calumet,Avenue,Chicago,IL,60619,6,Other Services - Childcare,41.75322778,-87.616735646,"(41.753227780189036, -87.6167356456003)"
11/25/2014,Accion,078XX,S,Shore,Drive,Chicago,IL,60649,7,transportation,41.753007302,-87.549326948,"(41.753007302343704, -87.54932694804312)"
08/28/2015,Accion,080XX,S,Normal,Avenue,Chicago,IL,60620,17,Other Services,41.747411671,-87.636787879,"(41.74741167131879, -87.63678787937967)"
05/21/2014,Accion,080XX,S,Stony Island,Avenue,Chicago,IL,60617,8,Auto/Vehicle,41.748143549,-87.586046897,"(41.74814354870762, -87.58604689738195)"
09/16/2014,CNI,081XX,S,Cornell,Avenue,Chicago,IL,60617,8,Construction,41.746689547,-87.584327648,"(41.74668954706293, -87.58432764795074)"
10/04/2013,WBDC,081XX,S,Langley,St,Chicago,IL,60619,6,Education,41.746075485,-87.607663164,"(41.746075484832126, -87.60766316408197)"
01/15/2016,CNI,008XX,E,40th ,Street,Chicago,IL,60653,4,Other Services,41.821834711,-87.604472033,"(41.82183471067724, -87.6044720325633)"
12/17/2013,Accion,008XX,S,Wabash,Avenue,Chicago,IL,60605,4,Retail Sales - Other,41.871184354,-87.62606949,"(41.87118435389697, -87.62606949029313)"
02/26/2015,Accion,008XX,S,Wabash,Avenue,Chicago,IL,60605,4,Electronics,41.871184354,-87.62606949,"(41.87118435389697, -87.62606949029313)"
06/04/2015,WBDC,008XX,W,63rd,Street,Chicago,IL,60621,20,,41.779826797,-87.646902618,"(41.77982679720496, -87.64690261797884)"
04/01/2015,CNI,085XX,S,Racine,Avenue,Chicago,IL,60620,21,Other Services - Tire Repair,41.738069556,-87.653544944,"(41.738069556335596, -87.65354494357217)"
08/31/2015,Accion,087XX,S,Racine,Avenue,Chicago,IL,60620,21,Retail Services - Other,41.734425227,-87.653443031,"(41.734425226572206, -87.65344303052751)"
12/10/2012,Accion,087XX,S,Racine,Avenue,Chicago,IL,60620,21,Retail Sales - Other,41.734425227,-87.653443031,"(41.734425226572206, -87.65344303052751)"
08/06/2015,CNI,089XX,S,Blackstone,Street,Chicago,IL,60619,8,Transportation,41.731729337,-87.588167875,"(41.731729336641656, -87.5881678746066)"
12/11/2015,CNI,089XX,S,Euclid,Avenue,Chicago,IL,60617,8,Other Services - Education,41.731882963,-87.576953624,"(41.73188296339253, -87.57695362361743)"
04/27/2013,Accion,092XX,S,Anthony,Avenue,Chicago,IL,60617,10,Day Care,41.726626307,-87.554414097,"(41.72662630700125, -87.5544140970935)"
02/16/2016,CNI,092XX,S,Commercial, Avenue ,Chicago,IL,60617,7,Transportation,41.726813141,-87.551328661,"(41.72681314062514, -87.55132866101212)"
05/07/2013,Accion,093XX,S,Halsted,Street,Chicago,IL,60620,21,Beauty/Salon Services,41.72357081,-87.643414424,"(41.72357080995004, -87.64341442435766)"
12/05/2014,Accion,094XX,S,Perry,Avenue,Chicago,IL,60620,21,Day Care,41.722006907,-87.626390322,"(41.72200690722266, -87.62639032219802)"
05/10/2013,Accion,009XX,E,47th,Street,Chicago,IL,60653,4,Beauty/Salon Services,41.809696835,-87.601757992,"(41.809696834775934, -87.60175799174536)"
06/29/2015,CNI,009XX,W,North,Avenue,Chicago,IL,60642,21,Transportation,41.910951382,-87.653010859,"(41.910951381838736, -87.65301085946902)"
04/19/2013,WBDC,009XX,W,Van Buren,Street,Chicago,IL,60607,2,Beauty/Salon Services,41.876716551,-87.651574752,"(41.876716550619804, -87.65157475168087)"
08/05/2013,CNI,009XX,W,Washington,Street,Chicago,IL,60607,27,Other Services,41.883179433,-87.651753296,"(41.883179432855336, -87.65175329591203)"
08/05/2013,CNI,009XX,W,Washington,Street,Chicago,IL,60607,27,Other Services,41.883179433,-87.651753296,"(41.883179432855336, -87.65175329591203)"
08/05/2013,CNI,009XX,W,Washington,Street,Chicago,IL,60607,27,Construction/Repair,41.883179433,-87.651753296,"(41.883179432855336, -87.65175329591203)"
11/18/2014,Accion,095XX,S,Constance,Street,Chicago,IL,60617,7,Day Care,41.720988133,-87.579112453,"(41.720988132805026, -87.57911245263031)"
04/22/2013,CNI,095XX,S,King,Drive,Chicago,IL,60628,6,Professional/Off Svc,41.720390674,-87.614253606,"(41.72039067363381, -87.614253605716)"
